src_ip,packet_count,unique_dst_ips,unique_dst_ports,avg_packet_size,std_packet_size,total_bytes,tcp_count,udp_count,icmp_count,avg_ttl,unique_protocols,packet_rate
5.161.7.195,333,1,1,1414.0,0.0,470862,333,0,0,51.0,1,233.82778899324146
195.187.242.79,333,1,1,1414.0,0.0,470862,333,0,0,115.0,1,233.80496874175012
10.10.2.10,313,4,1,83.9520766773163,125.72054226448535,26277,313,0,0,64.0,1,219.73856025610422
104.208.16.95,18,1,2,614.0,601.5288365294474,11052,18,0,0,101.11111111111111,1,14.073770011141734
17.248.213.69,3,1,1,66.0,0.0,198,3,0,0,49.0,1,668.7472135532768
